{
  "backend": "groq(gen)+gemini(reflect)",
  "model": "llama-3.3-70b-versatile",
  "reflection_model": "gemini-2.5-flash",
  "natal": {
    "nsga2": {
      "HV": [
        1.0243671721612178,
        0.0024699005295141393
      ],
      "IGDp": [
        0.004418850275488274,
        0.0006610455818133854
      ],
      "spacing": [
        0.03823366196314486,
        0.017482859102622334
      ],
      "spread": [
        0.573843900456261,
        0.08175351873926924
      ],
      "n": [
        49.2,
        2.3880054941310327
      ]
    },
    "nsga3": {
      "HV": [
        1.0078219034634863,
        0.006241822869524322
      ],
      "IGDp": [
        0.009640458466947836,
        0.0014366409905990994
      ],
      "spacing": [
        0.03990227274415577,
        0.01938332366107331
      ],
      "spread": [
        0.656070844861359,
        0.06057154506538156
      ],
      "n": [
        31.2,
        3.765549606631148
      ]
    },
    "moead": {
      "HV": [
        0.9689885893636264,
        0.009177809323452399
      ],
      "IGDp": [
        0.04561024873212864,
        0.00736203778586327
      ],
      "spacing": [
        0.05657803521609034,
        0.01620117487914765
      ],
      "spread": [
        0.7429716169525309,
        0.03568757339527002
      ],
      "n": [
        22.6,
        1.1103999999999998
      ]
    },
    "greedy": {
      "HV": [
        1.0228359282711714,
        0.0
      ],
      "IGDp": [
        0.006224607670126815,
        0.0
      ],
      "spacing": [
        0.01927098181195,
        0.0
      ],
      "spread": [
        0.45268646138631535,
        0.0
      ],
      "n": [
        52.0,
        0.0
      ]
    },
    "random": {
      "HV": [
        0.867721233129846,
        0.016156456815750102
      ],
      "IGDp": [
        0.05418997652886187,
        0.002342467587840172
      ],
      "spacing": [
        0.027775181644370567,
        0.03355329423458642
      ],
      "spread": [
        0.7356977250976995,
        0.04896179073979222
      ],
      "n": [
        25.4,
        2.077368181136892
      ]
    },
    "reevo": {
      "HV": [
        1.0209094719122054,
        0.0
      ],
      "IGDp": [
        0.0014331738955650289,
        0.0
      ],
      "spacing": [
        0.012832249746334375,
        0.0
      ],
      "spread": [
        0.44156421089349585,
        0.0
      ],
      "n": [
        51.0,
        0.0
      ]
    },
    "zero_shot": {
      "HV": [
        0.5227775960802119,
        0.0
      ],
      "IGDp": [
        0.29225755127590075,
        0.0
      ],
      "spacing": [
        0.01140785860023287,
        0.0
      ],
      "spread": [
        0.5787715943825751,
        0.0
      ],
      "n": [
        43.0,
        0.0
      ]
    }
  },
  "manaus_transfer": {
    "nsga2": {
      "HV": [
        0.9908523898409858,
        0.0020548443348286567
      ],
      "IGDp": [
        0.010747007615401401,
        0.0009611145029166278
      ],
      "spacing": [
        0.01771059410884372,
        0.005595559279219329
      ],
      "spread": [
        0.5728298533211693,
        0.02622370251408666
      ],
      "n": [
        68.8,
        3.866520585746311
      ]
    },
    "nsga3": {
      "HV": [
        0.9577786654404212,
        0.0091484988976279
      ],
      "IGDp": [
        0.0155134869091687,
        0.001749079073688723
      ],
      "spacing": [
        0.020086848231725456,
        0.0039563359240376295
      ],
      "spread": [
        0.6852083446205327,
        0.02109210498125372
      ],
      "n": [
        44.8,
        4.678198354067513
      ]
    },
    "moead": {
      "HV": [
        0.8830981866977325,
        0.01956110868521007
      ],
      "IGDp": [
        0.09081849649723177,
        0.01703480536634296
      ],
      "spacing": [
        0.04091135251316006,
        0.01823039504866019
      ],
      "spread": [
        0.7289421018132832,
        0.05923647976975312
      ],
      "n": [
        24.0,
        0.877848278462742
      ]
    },
    "greedy": {
      "HV": [
        0.9757974794196473,
        0.0
      ],
      "IGDp": [
        0.005191522553748202,
        0.0
      ],
      "spacing": [
        0.006845157657986535,
        0.0
      ],
      "spread": [
        0.44016496340752265,
        0.0
      ],
      "n": [
        79.0,
        0.0
      ]
    },
    "random": {
      "HV": [
        0.7945229232350182,
        0.020261320685890767
      ],
      "IGDp": [
        0.0807514629933834,
        0.006981167343816504
      ],
      "spacing": [
        0.01940563075284371,
        0.009495239380404506
      ],
      "spread": [
        0.7819588244475805,
        0.027986560103182505
      ],
      "n": [
        24.0,
        1.9629284245738559
      ]
    },
    "reevo_transfer": {
      "HV": [
        0.44967552555633755,
        0.0
      ],
      "IGDp": [
        0.23406799920858548,
        0.0
      ],
      "spacing": [
        0.0005126975615243042,
        0.0
      ],
      "spread": [
        0.7824323416577585,
        0.0
      ],
      "n": [
        28.0,
        0.0
      ]
    }
  },
  "reevo_meta": {
    "best_origin": "seed",
    "internal_hv": 0.9506454946085631,
    "hv_curve": [
      0.9506454946085631,
      0.9506454946085631,
      0.9506454946085631,
      0.9506454946085631,
      0.9506454946085631,
      0.9506454946085631,
      0.9506454946085631
    ],
    "n_valid_sweep": 13,
    "elapsed_sec": 6248.76,
    "llm_usage": {
      "calls": 5,
      "input_tokens": 8482,
      "output_tokens": 1832,
      "cache_read_tokens": 0,
      "cost_usd": 0.006,
      "by_model": {
        "llama-3.3-70b-versatile": {
          "calls": 1,
          "in": 2278,
          "out": 1023,
          "cost": 0.00215219
        },
        "gemini-2.5-flash": {
          "calls": 4,
          "in": 6204,
          "out": 809,
          "cost": 0.0038836999999999995
        }
      }
    }
  },
  "zero_shot_meta": {
    "internal_hv": 0.7547622274993209,
    "llm_usage": {
      "calls": 0,
      "input_tokens": 0,
      "output_tokens": 0,
      "cache_read_tokens": 0,
      "cost_usd": 0.0,
      "by_model": {}
    },
    "elapsed_sec": 0.03
  }
}