,odc_locations,capacities
0,"(-5.8153801334117645, -35.21147991952941)",2315
