,odc_locations,fiberlength
0,"(-5.8153801334117645, -35.21147991952941)",800.8978623999371
