{
  "reference_front": {
    "n_points": 52,
    "ideal": [
      4.0,
      0.0
    ],
    "nadir": [
      55.0,
      1.918688734
    ],
    "hv_ref_point": [
      1.1,
      1.1
    ]
  },
  "methods": {
    "nsga2": {
      "HV": [
        0.8967236310822211,
        0.02280014108249794
      ],
      "IGD+": [
        0.03459403285938556,
        0.0028845205421873916
      ],
      "spacing": [
        0.025665191920667026,
        0.06203855047954939
      ],
      "spread": [
        0.5930881577946027,
        0.06710666346586856
      ],
      "n_front": [
        34.5,
        19.058999999999997
      ],
      "n_eval": [
        3000.0,
        0.0
      ],
      "time": [
        0.265,
        0.20329600000000017
      ],
      "n_runs": 2,
      "odc_range": [
        8,
        45
      ]
    },
    "moead": {
      "HV": [
        0.8543212458570376,
        0.13273556157859312
      ],
      "IGD+": [
        0.07987541289627469,
        0.12078593220305164
      ],
      "spacing": [
        0.05329800137590783,
        0.1993787045426412
      ],
      "spread": [
        0.6859539687325805,
        0.3574196741203268
      ],
      "n_front": [
        22.0,
        12.706
      ],
      "n_eval": [
        3000.0,
        0.0
      ],
      "time": [
        1.0335,
        0.06988299999999935
      ],
      "n_runs": 2,
      "odc_range": [
        4,
        35
      ]
    },
    "random": {
      "HV": [
        0.804838626483902,
        0.05615257684955839
      ],
      "IGD+": [
        0.07109480946062291,
        0.0400429946756536
      ],
      "spacing": [
        0.03141425613313076,
        0.07626861616549735
      ],
      "spread": [
        0.7418959920827788,
        0.45731264460622023
      ],
      "n_front": [
        20.5,
        6.353
      ],
      "n_eval": [
        3000.0,
        0.0
      ],
      "time": [
        0.075,
        0.0
      ],
      "n_runs": 2,
      "odc_range": [
        14,
        39
      ]
    },
    "greedy": {
      "HV": [
        0.9677728762894904,
        0.0
      ],
      "IGD+": [
        6.156081574825904e-11,
        0.0
      ],
      "spacing": [
        0.027577735792171685,
        0.0
      ],
      "spread": [
        0.4363602065420204,
        0.0
      ],
      "n_front": [
        52.0,
        0.0
      ],
      "n_eval": [
        55.0,
        0.0
      ],
      "time": [
        0.005,
        0.0
      ],
      "n_runs": 1,
      "odc_range": [
        4,
        55
      ]
    }
  }
}