,odc_locations,capacities
0,"(-3.0919270104166667, -60.01264239583333)",3960
