,odc_locations,fiberlength
0,"(-3.0919270104166667, -60.01264239583333)",1270.5654516659797
